<?xml version="1.0" encoding="UTF-8" standalone="yes"?>
<addon id="plugin.program.opendevtools" name="OpenDevTools" version="1.2.0" provider-name="drinfernoo">
	<requires>
		<import addon="script.module.dateutil"/>
		<import addon="script.module.requests"/>
		<import addon="script.module.unidecode"/>
	</requires>
	<extension point="xbmc.python.script" library="default.py">
		<provides>executable</provides>
	</extension>
	<extension point="xbmc.addon.metadata">
		<language/>
		<summary lang="en">Ease of access for Devs and Testers</summary>
		<description lang="en">Provides ease of access tools for Devs and Testers</description>
		<platform>all</platform>
		<license>GNU GENERAL PUBLIC LICENSE Version 2, June 1991</license>
		<assets>
			<icon>icon.png</icon>
			<fanart>fanart.png</fanart>
		</assets>
		<news>
1.2.0
 - List repos by user
 - Better enabling of addons after install
 - Fix timestamps with correct time zone
1.1.0
 - Add string localization
 - Add support for multiple repositories containing the same add-on
 - Offer to update add-on after adding
1.0.3
 - Better formatting for timestamps
1.0.2
 - Fix for existing folders
1.0.1
 - Some performance fixes
1.0.0
 - Initial Release
		</news>
	</extension>
</addon>
